<?xml version="1.0" encoding="UTF-8"?>
<project-private xmlns="http://www.netbeans.org/ns/project-private/1">
    <editor-bookmarks xmlns="http://www.netbeans.org/ns/editor-bookmarks/2" lastBookmarkId="0"/>
    <open-files xmlns="http://www.netbeans.org/ns/projectui-open-files/2">
        <group>
            <file>file:/C:/xampp/htdocs/PhpProject1/Homedash/guidelines.php</file>
            <file>file:/C:/xampp/htdocs/PhpProject1/Homedash/home.php</file>
            <file>file:/C:/xampp/htdocs/PhpProject1/Questionnaire/sdsymp.php</file>
            <file>file:/C:/xampp/htdocs/PhpProject1/Questionnaire/subabuse.php</file>
            <file>file:/C:/xampp/htdocs/PhpProject1/Homedash/locations.php</file>
        </group>
    </open-files>
</project-private>
